User,Message,Decryption Time (s),Encryption Time (s),Ciphertext
Ricardo,Hello everyone, ,0.0009996891021728516,1bb66d72129b7e4e1518ca23b88004e2ec807bc80172fcd633fbb40ada515b0f7cfb377680c6f66fbd2943f04f5e6083881e37e2a3a287ab4fc49d5e44de157f5f4a4b03add0e0f84317f58085bfd4cce295a979587a49f97d3cf282ed9a1359779172be0f7aa82e773f7ab00e077dd75c8139f2c0b5de9495a6cc3c0eac31be9adc1e081e0c3f8ba8092fbec8bd7a92278d3e4632633917aec604122389183077b84ad3512d849c8057a3f1bbd5f0b00fa8b54cc95de0b0ebc7bd1e4ed400f82de1328378404679f2aa664e5c1d9af9ec6f7808a216d1452ab9f3ab1925e0faab8f70b2f82cd202a727c9b8cbb4131ce583beacf40c044c8ccb3e3fb438a620
Ricardo,Hello and welcom,0.004215599969029427,0.0009980201721191406,4b8849afa9cdf3a132bcbca591794026f3b3c82c8c3880f66c97f7a2c2d275a40b609eb99222b34aaaeca5fc7c4f7239a4a2d2509797797fb23b2da59832254de7f38d13bd0d27c9a72d4f10b5f9639f2607898276154156af3abe3da02485d2bed5dbf74a8489d4d1e29b81f6534de2a6311bd525d59af496ebd096ec72b971cd04191d7fac8543c10bd7bfc8c88a245912fb7f73e38fc4c6dec838f27999d44e032e81ae1666af8819a7c48fef330370d86b61ae25894d060425710181a1105c4dcf7b82e78f763be9ef6781a75101d71b61e8edbb1f1785a387d6a829eb1376abaa25f8664eb9e5ed8d62eab38c62330dcc98eb842e82d1c00f74880f3ff4
Ricardo,To our SMS Simulator with encryption and decryption,0.00418239994905889,0.001001596450805664,172832f466b0207cc00fba07adf9b7b242d2f21e10b832560d3ead31490793db2bae2cae39808e1a2d296fa06685697f90d9fd4a99acbd281af05f6ae85b8cdad7b766df5b3b0ce45d839407de6a590c46067f5453882780289f1abbdcdb00de9b14c03db3016c5eda0bcd86ccfc10e26bf2ec5aecc6c30e933d2e295c93156d04c1860df5bd1e5c3dc70614427c110410ed2d7e55349d903ffac2ef9146301749e7a31f70e31e10a978aae8883869e0505ab9c477076c7e4d490124941c0bd7f0b9832e543766f649ad33fb9f275c8ec39c4b97e3942263cb348718cceebe07ef5f3b94913e49fe8b274faeacaa33bb8bfc0686ff44010a2b17de1f2956009b
Ricardo,This is a test,0.004171199980191886,0.00099945068359375,45d80c4e7bf94ce3fd038230c55a0ad0a80544405597dac0b7b7b5d221d9c130629c9ad8962cfc26c28db605b4e97b335f2ffa42fa88df37cffb7751519fd423904432d0e09c7bf5e70cd0d2dcea660ffc60906c4aef16e192b67f9e1d667b7a5a06966e3728d059c1e75bb7735f3addf126ba1a8c5ff077bb7fbc4332c0eb28821ba0faa67e88c63a843c554aa98d4c0da2d8497cfc23677f3f48254d68418289875aad61ca920df667fcdfbe443fd4b3ab20bdb795c8b8b1381edfe9ae93c000c3417caae543b62052bea3892963c88feeb5144f308c0f8129842e7338ad5b983e9743f05639c14fd53eac49d5e8d415ca039f3a87331532c59b917c5574c1
